price,sku,review
Boutellier,mboutellier0@nba.com,Female
Tomlin,btomlin1@constantcontact.com,Female
Seago,fseago2@ask.com,Male
Baumber,bbaumber3@cnet.com,Male
Stockey,lstockey4@fotki.com,Female
Bloxam,rbloxam5@naver.com,Female
Ohrt,sohrt6@seattletimes.com,Female
Baston,sbaston7@edublogs.org,Male
Boycott,sboycott8@amazon.com,Female
Khosa,kkhosa9@paypal.com,Male
MacFadzan,jmacfadzana@eepurl.com,Male
Shipton,hshiptonb@pbs.org,Male
Kinsella,skinsellac@ustream.tv,Male
Vaen,bvaend@reddit.com,Female
Keford,dkeforde@buzzfeed.com,Male
Bortolutti,vbortoluttif@google.co.uk,Female
Lillo,alillog@nydailynews.com,Male
Ferries,cferriesh@biglobe.ne.jp,Female
Cartin,rcartini@goo.ne.jp,Male
Inkpin,cinkpinj@trellian.com,Male
Jouhning,fjouhningk@ihg.com,Female
Grayling,ngraylingl@time.com,Male
Nel,bnelm@github.com,Male
Shellibeer,bshellibeern@booking.com,Female
Arundel,barundelo@simplemachines.org,Male
Creswell,bcreswellp@salon.com,Female
Leveridge,pleveridgeq@de.vu,Male
Lefort,clefortr@g.co,Male
O' Bee,aobees@harvard.edu,Female
Gover,wgovert@facebook.com,Female
Mussotti,gmussottiu@newsvine.com,Male
Mc Giffin,smcgiffinv@pcworld.com,Female
Rawls,erawlsw@smh.com.au,Male
Presdee,lpresdeex@gravatar.com,Male
Brendeke,lbrendekey@posterous.com,Female
Hayter,ghayterz@wikimedia.org,Male
Slemming,mslemming10@ucla.edu,Female
Milmoe,omilmoe11@sciencedaily.com,Male
Hardie,ahardie12@sbwire.com,Female
Goldster,igoldster13@about.com,Female
Sealey,msealey14@blogger.com,Female
Ackhurst,mackhurst15@state.gov,Female
Mahody,emahody16@google.de,Male
Danick,ddanick17@mit.edu,Female
Collin,fcollin18@exblog.jp,Female
Keith,dkeith19@artisteer.com,Female
Bradmore,mbradmore1a@statcounter.com,Male
Buche,jbuche1b@geocities.jp,Male
Burberye,kburberye1c@naver.com,Female
Brim,hbrim1d@eepurl.com,Female
Lake,blake1e@nydailynews.com,Male
Freeth,cfreeth1f@vistaprint.com,Female
Eyckelberg,veyckelberg1g@vk.com,Male
Tyer,etyer1h@nymag.com,Female
Morrallee,dmorrallee1i@businessinsider.com,Male
Carswell,wcarswell1j@salon.com,Male
Bonhome,jbonhome1k@fotki.com,Female
Braghini,abraghini1l@unicef.org,Female
Redmond,eredmond1m@time.com,Female
Standbridge,rstandbridge1n@deliciousdays.com,Male
Klosser,sklosser1o@java.com,Female
McKendry,cmckendry1p@reddit.com,Male
Bromet,abromet1q@about.me,Male
McWilliams,smcwilliams1r@goo.ne.jp,Female
Paulich,bpaulich1s@eventbrite.com,Female
Woodfin,mwoodfin1t@mozilla.org,Male
Cleve,vcleve1u@wp.com,Male
Targetter,atargetter1v@example.com,Female
Snalom,bsnalom1w@posterous.com,Female
Jakes,hjakes1x@joomla.org,Male
Gherardi,lgherardi1y@mozilla.com,Male
Deans,odeans1z@storify.com,Female
Janeczek,rjaneczek20@google.ca,Male
Ceschi,nceschi21@mapy.cz,Male
Elcoate,melcoate22@about.com,Female
Ciccone,rciccone23@senate.gov,Female
Fasse,wfasse24@slashdot.org,Female
Elsop,melsop25@twitpic.com,Male
Dizlie,fdizlie26@ebay.co.uk,Male
Pretor,hpretor27@so-net.ne.jp,Female
Hanmore,lhanmore28@nifty.com,Female
Kobpac,ekobpac29@wired.com,Male
Lambrook,jlambrook2a@nymag.com,Female
MacAiline,kmacailine2b@artisteer.com,Female
Pester,dpester2c@alibaba.com,Female
Ossulton,aossulton2d@hao123.com,Female
Gudge,mgudge2e@csmonitor.com,Female
Cheasman,hcheasman2f@so-net.ne.jp,Female
Sparrow,msparrow2g@arizona.edu,Female
Skerman,nskerman2h@loc.gov,Male
Dunbobin,gdunbobin2i@woothemes.com,Male
Agastina,ragastina2j@1und1.de,Male
Elsmore,aelsmore2k@typepad.com,Male
Loosemore,gloosemore2l@mail.ru,Male
Durtnel,mdurtnel2m@nbcnews.com,Female
Shead,cshead2n@wiley.com,Male
Kenwell,gkenwell2o@bizjournals.com,Male
Sloegrave,asloegrave2p@indiatimes.com,Male
McSweeney,cmcsweeney2q@unc.edu,Male
Zeplin,azeplin2r@unc.edu,Male
